chain, residue_label, residue_name, score, zscore, probability, pocket
A,    1, MET,  0.0483,  -0.3525,   0.0010, 0
A,    2, SER,  0.0230,  -0.3666,   0.0005, 0
A,    3, ASP,  0.0197,  -0.3685,   0.0005, 0
A,    4, VAL,  0.0603,  -0.3459,   0.0012, 0
A,    5, ALA,  0.0191,  -0.3688,   0.0005, 0
A,    6, ILE,  0.5774,  -0.0576,   0.0476, 0
A,    7, VAL,  0.0294,  -0.3631,   0.0006, 0
A,    8, LYS,  0.1118,  -0.3171,   0.0028, 0
A,    9, GLU,  0.2519,  -0.2391,   0.0102, 0
A,   10, GLY,  0.2004,  -0.2678,   0.0069, 0
A,   11, TRP,  0.5368,  -0.0803,   0.0413, 0
A,   12, LEU,  0.1419,  -0.3003,   0.0040, 0
A,   13, HIS,  0.2503,  -0.2399,   0.0101, 0
A,   14, LYS,  0.7613,   0.0449,   0.0825, 0
A,   15, ARG,  0.3983,  -0.1574,   0.0234, 0
A,   16, GLY,  0.2749,  -0.2262,   0.0119, 0
A,   17, GLU,  0.6159,  -0.0362,   0.0540, 0
A,   18, TYR,  0.5822,  -0.0549,   0.0484, 0
A,   19, ILE,  0.2740,  -0.2267,   0.0119, 0
A,   20, LYS,  0.0688,  -0.3411,   0.0014, 0
A,   21, THR,  0.2774,  -0.2249,   0.0121, 0
A,   22, TRP,  0.2469,  -0.2419,   0.0099, 0
A,   23, ARG,  0.4065,  -0.1529,   0.0243, 0
A,   24, PRO,  0.1879,  -0.2747,   0.0062, 0
A,   25, ARG,  0.3723,  -0.1719,   0.0206, 0
A,   26, TYR,  0.1895,  -0.2738,   0.0063, 0
A,   27, PHE,  0.1451,  -0.2986,   0.0041, 0
A,   28, LEU,  0.8135,   0.0740,   0.0943, 0
A,   29, LEU,  0.0002,  -0.3794,   0.0002, 0
A,   30, LYS,  0.9038,   0.1243,   0.1161, 0
A,   31, ASN,  0.0253,  -0.3654,   0.0006, 0
A,   32, ASP,  0.0344,  -0.3603,   0.0007, 0
A,   33, GLY,  0.0156,  -0.3708,   0.0004, 0
A,   34, THR,  0.0546,  -0.3491,   0.0011, 0
A,   35, PHE,  0.0107,  -0.3735,   0.0004, 0
A,   36, ILE,  0.6568,  -0.0134,   0.0613, 0
A,   37, GLY,  0.0000,  -0.3794,   0.0002, 0
A,   38, TYR,  0.9004,   0.1224,   0.1152, 0
A,   39, LYS,  0.2090,  -0.2630,   0.0074, 0
A,   40, GLU,  0.0275,  -0.3641,   0.0006, 0
A,   41, ARG,  0.1622,  -0.2891,   0.0049, 0
A,   42, PRO,  0.4367,  -0.1361,   0.0279, 0
A,   43, GLN,  0.0243,  -0.3659,   0.0006, 0
A,   44, ASP,  0.1181,  -0.3136,   0.0030, 0
A,   45, VAL,  0.1223,  -0.3113,   0.0031, 0
A,   46, ASP,  0.0042,  -0.3771,   0.0003, 0
A,   47, GLN,  0.0167,  -0.3702,   0.0004, 0
A,   48, ARG,  0.9981,   0.1769,   0.1404, 0
A,   49, GLU,  0.0840,  -0.3327,   0.0018, 0
A,   50, ALA,  0.2333,  -0.2494,   0.0089, 0
A,   51, PRO,  0.2315,  -0.2504,   0.0088, 0
A,   52, LEU,  0.9668,   0.1594,   0.1323, 0
A,   53, ASN,  0.5851,  -0.0533,   0.0489, 0
A,   54, ASN,  0.8790,   0.1105,   0.1100, 0
A,   55, PHE,  1.0574,   0.2100,   0.1564, 0
A,   56, SER,  0.5159,  -0.0919,   0.0382, 0
A,   57, VAL,  0.0507,  -0.3512,   0.0010, 0
A,   58, ALA,  0.0523,  -0.3503,   0.0011, 0
A,   59, GLN,  0.0424,  -0.3558,   0.0009, 0
A,   60, CYS,  0.0306,  -0.3624,   0.0007, 0
A,   61, GLN,  0.0477,  -0.3529,   0.0010, 0
A,   62, LEU,  0.0508,  -0.3511,   0.0010, 0
A,   63, MET,  0.0910,  -0.3288,   0.0021, 0
A,   64, LYS,  0.0614,  -0.3453,   0.0013, 0
A,   65, THR,  0.0806,  -0.3346,   0.0018, 0
A,   66, GLU,  0.0450,  -0.3544,   0.0009, 0
A,   67, ARG,  0.1523,  -0.2946,   0.0044, 0
A,   68, PRO,  0.1994,  -0.2683,   0.0068, 0
A,   69, ARG,  0.2448,  -0.2430,   0.0098, 0
A,   70, PRO,  0.0400,  -0.3571,   0.0008, 0
A,   71, ASN,  0.0090,  -0.3744,   0.0003, 0
A,   72, THR,  0.0380,  -0.3583,   0.0008, 0
A,   73, PHE,  0.0000,  -0.3795,   0.0002, 0
A,   74, ILE,  0.1019,  -0.3227,   0.0024, 0
A,   75, ILE,  0.2170,  -0.2585,   0.0079, 0
A,   76, ARG,  0.1272,  -0.3086,   0.0033, 0
A,   77, CYS,  0.4713,  -0.1168,   0.0321, 0
A,   78, LEU,  0.3543,  -0.1820,   0.0189, 0
A,   79, GLN,  0.7364,   0.0310,   0.0772, 0
A,   80, TRP,  0.1190,  -0.3131,   0.0030, 0
A,   81, THR,  0.0356,  -0.3596,   0.0007, 0
A,   82, THR,  0.0369,  -0.3589,   0.0008, 0
A,   83, VAL,  0.0333,  -0.3609,   0.0007, 0
A,   84, ILE,  0.6481,  -0.0182,   0.0597, 0
A,   85, GLU,  0.2837,  -0.2213,   0.0126, 0
A,   86, ARG,  1.1501,   0.2616,   0.1822, 0
A,   87, THR,  0.1036,  -0.3217,   0.0025, 0
A,   88, PHE,  0.1403,  -0.3013,   0.0039, 0
A,   89, HIS,  0.1511,  -0.2952,   0.0044, 0
A,   90, VAL,  0.1305,  -0.3067,   0.0035, 0
A,   91, GLU,  0.2537,  -0.2380,   0.0104, 0
A,   92, THR,  0.0114,  -0.3731,   0.0004, 0
A,   93, PRO,  0.0043,  -0.3770,   0.0003, 0
A,   94, GLU,  0.0033,  -0.3776,   0.0003, 0
A,   95, GLU,  0.2187,  -0.2576,   0.0080, 0
A,   96, ARG,  0.0065,  -0.3758,   0.0003, 0
A,   97, GLU,  0.0139,  -0.3717,   0.0004, 0
A,   98, GLU,  0.1065,  -0.3201,   0.0026, 0
A,   99, TRP,  0.1581,  -0.2913,   0.0047, 0
A,  100, THR,  0.0173,  -0.3698,   0.0005, 0
A,  101, THR,  0.0189,  -0.3689,   0.0005, 0
A,  102, ALA,  0.0169,  -0.3700,   0.0004, 0
A,  103, ILE,  0.0036,  -0.3775,   0.0003, 0
A,  104, GLN,  0.0347,  -0.3601,   0.0007, 0
A,  105, THR,  0.0298,  -0.3628,   0.0006, 0
A,  106, VAL,  0.0219,  -0.3673,   0.0005, 0
A,  107, ALA,  0.0129,  -0.3723,   0.0004, 0
A,  108, ASP,  0.0227,  -0.3668,   0.0005, 0
A,  109, GLY,  0.0090,  -0.3744,   0.0003, 0
A,  110, LEU,  0.0143,  -0.3715,   0.0004, 0
A,  111, LYS,  0.0162,  -0.3704,   0.0004, 0
A,  112, LYS,  0.0017,  -0.3785,   0.0003, 0
A,  113, GLN,  0.0151,  -0.3711,   0.0004, 0
A,  114, GLU,  0.0192,  -0.3687,   0.0005, 0
A,  115, GLU,  0.0097,  -0.3741,   0.0003, 0
A,  116, GLU,  0.0158,  -0.3706,   0.0004, 0
A,  117, GLU,  0.0237,  -0.3663,   0.0005, 0
A,  118, MET,  0.0336,  -0.3607,   0.0007, 0
A,  119, ASP,  0.0184,  -0.3692,   0.0005, 0
A,  120, PHE,  0.1542,  -0.2935,   0.0045, 0
A,  121, ARG,  0.0342,  -0.3604,   0.0007, 0
A,  122, SER,  0.0171,  -0.3699,   0.0004, 0
A,  123, GLY,  0.0239,  -0.3661,   0.0005, 0
A,  124, SER,  0.0302,  -0.3626,   0.0006, 0
A,  125, PRO,  0.0249,  -0.3656,   0.0006, 0
A,  126, SER,  0.0201,  -0.3683,   0.0005, 0
A,  127, ASP,  0.0023,  -0.3782,   0.0003, 0
A,  128, ASN,  0.0037,  -0.3774,   0.0003, 0
A,  129, SER,  0.0057,  -0.3763,   0.0003, 0
A,  130, GLY,  0.0045,  -0.3769,   0.0003, 0
A,  131, ALA,  0.0043,  -0.3770,   0.0003, 0
A,  132, GLU,  0.0242,  -0.3660,   0.0006, 0
A,  133, GLU,  0.0042,  -0.3771,   0.0003, 0
A,  134, MET,  0.0479,  -0.3527,   0.0010, 0
A,  135, GLU,  0.0146,  -0.3713,   0.0004, 0
A,  136, VAL,  0.0254,  -0.3653,   0.0006, 0
A,  137, SER,  0.0257,  -0.3651,   0.0006, 0
A,  138, LEU,  0.0287,  -0.3635,   0.0006, 0
A,  139, ALA,  0.0263,  -0.3648,   0.0006, 0
A,  140, LYS,  0.0235,  -0.3664,   0.0005, 0
A,  141, PRO,  0.0216,  -0.3674,   0.0005, 0
A,  142, LYS,  0.0992,  -0.3242,   0.0023, 0
A,  143, HIS,  0.1511,  -0.2952,   0.0044, 0
A,  144, ARG,  0.1337,  -0.3049,   0.0036, 0
A,  145, VAL,  0.1985,  -0.2688,   0.0068, 0
A,  146, THR,  0.1037,  -0.3217,   0.0025, 0
A,  147, MET,  0.5841,  -0.0539,   0.0487, 0
A,  148, ASN,  0.2359,  -0.2480,   0.0091, 0
A,  149, GLU,  0.0753,  -0.3375,   0.0016, 0
A,  150, PHE,  0.1086,  -0.3189,   0.0026, 0
A,  151, GLU,  0.0716,  -0.3395,   0.0015, 0
A,  152, TYR,  0.4341,  -0.1375,   0.0275, 0
A,  153, LEU,  0.0666,  -0.3423,   0.0014, 0
A,  154, LYS,  0.0775,  -0.3363,   0.0017, 0
A,  155, LEU,  0.1193,  -0.3129,   0.0030, 0
A,  156, LEU,  3.0398,   1.3149,   0.6174, 1
A,  157, GLY,  1.8411,   0.6468,   0.3743, 1
A,  158, LYS,  1.0400,   0.2002,   0.1516, 0
A,  159, GLY,  0.3813,  -0.1669,   0.0216, 1
A,  160, THR,  1.0572,   0.2098,   0.1564, 2
A,  161, PHE,  1.7335,   0.5868,   0.3465, 2
A,  162, GLY,  0.5103,  -0.0950,   0.0374, 0
A,  163, LYS,  0.8016,   0.0674,   0.0915, 0
A,  164, VAL,  3.5822,   1.6173,   0.6937, 1
A,  165, ILE,  0.8203,   0.0778,   0.0959, 0
A,  166, LEU,  0.0087,  -0.3746,   0.0003, 0
A,  167, VAL,  0.0000,  -0.3795,   0.0002, 0
A,  168, LYS,  0.0471,  -0.3532,   0.0010, 0
A,  169, GLU,  0.3042,  -0.2099,   0.0143, 0
A,  170, LYS,  0.0630,  -0.3443,   0.0013, 0
A,  171, ALA,  0.0958,  -0.3261,   0.0022, 0
A,  172, THR,  0.2520,  -0.2390,   0.0102, 0
A,  173, GLY,  0.0245,  -0.3658,   0.0006, 0
A,  174, ARG,  0.8796,   0.1109,   0.1101, 0
A,  175, TYR,  0.5482,  -0.0739,   0.0430, 0
A,  176, TYR,  1.0103,   0.1837,   0.1437, 0
A,  177, ALA,  2.3664,   0.9396,   0.4948, 1
A,  178, MET,  0.3168,  -0.2029,   0.0154, 0
A,  179, LYS,  2.0606,   0.7691,   0.4275, 1
A,  180, ILE,  0.7610,   0.0447,   0.0825, 0
A,  181, LEU,  1.5323,   0.4747,   0.2917, 2
A,  182, LYS,  0.3828,  -0.1661,   0.0217, 0
A,  183, LYS,  0.2639,  -0.2324,   0.0111, 0
A,  184, GLU,  0.1246,  -0.3100,   0.0032, 0
A,  185, VAL,  0.0307,  -0.3624,   0.0007, 0
A,  186, ILE,  0.5768,  -0.0579,   0.0475, 0
A,  187, VAL,  0.1891,  -0.2740,   0.0062, 0
A,  188, ALA,  0.0129,  -0.3722,   0.0004, 0
A,  189, LYS,  0.0434,  -0.3552,   0.0009, 0
A,  190, ASP,  0.0352,  -0.3599,   0.0007, 0
A,  191, GLU,  0.9963,   0.1759,   0.1399, 2
A,  192, VAL,  0.0746,  -0.3379,   0.0016, 0
A,  193, ALA,  0.2020,  -0.2669,   0.0070, 0
A,  194, HIS,  1.3269,   0.3601,   0.2326, 2
A,  195, THR,  1.0871,   0.2265,   0.1646, 2
A,  196, LEU,  0.1566,  -0.2922,   0.0046, 0
A,  197, THR,  0.3554,  -0.1814,   0.0190, 0
A,  198, GLU,  1.3783,   0.3888,   0.2474, 1
A,  199, ASN,  0.0991,  -0.3242,   0.0023, 0
A,  200, ARG,  0.1935,  -0.2716,   0.0065, 0
A,  201, VAL,  0.0032,  -0.3777,   0.0003, 0
A,  202, LEU,  0.1565,  -0.2922,   0.0046, 1
A,  203, GLN,  0.2223,  -0.2556,   0.0082, 0
A,  204, ASN,  0.1060,  -0.3204,   0.0025, 0
A,  205, SER,  0.2228,  -0.2553,   0.0082, 0
A,  206, ARG,  0.3402,  -0.1899,   0.0176, 0
A,  207, HIS,  0.3003,  -0.2121,   0.0140, 4
A,  208, PRO,  0.5803,  -0.0560,   0.0481, 0
A,  209, PHE,  0.1387,  -0.3021,   0.0038, 0
A,  210, LEU,  0.0761,  -0.3371,   0.0016, 0
A,  211, THR,  0.6907,   0.0055,   0.0678, 1
A,  212, ALA,  0.6292,  -0.0288,   0.0563, 0
A,  213, LEU,  0.3709,  -0.1727,   0.0205, 0
A,  214, LYS,  0.8174,   0.0762,   0.0952, 0
A,  215, TYR,  0.3366,  -0.1919,   0.0172, 0
A,  216, SER,  0.0392,  -0.3576,   0.0008, 0
A,  217, PHE,  0.0947,  -0.3267,   0.0022, 0
A,  218, GLN,  0.2171,  -0.2585,   0.0079, 0
A,  219, THR,  0.3920,  -0.1610,   0.0227, 0
A,  220, HIS,  0.3125,  -0.2053,   0.0150, 0
A,  221, ASP,  0.3177,  -0.2024,   0.0155, 0
A,  222, ARG,  0.7209,   0.0223,   0.0740, 0
A,  223, LEU,  0.0059,  -0.3762,   0.0003, 0
A,  224, CYS,  0.1478,  -0.2971,   0.0042, 0
A,  225, PHE,  0.1455,  -0.2984,   0.0041, 0
A,  226, VAL,  0.0469,  -0.3533,   0.0010, 0
A,  227, MET,  1.6034,   0.5143,   0.3112, 1
A,  228, GLU,  2.4101,   0.9639,   0.5038, 1
A,  229, TYR,  1.4727,   0.4414,   0.2749, 0
A,  230, ALA,  1.3395,   0.3672,   0.2362, 1
A,  231, ASN,  0.1782,  -0.2801,   0.0057, 0
A,  232, GLY,  0.0514,  -0.3508,   0.0010, 0
A,  233, GLY,  0.0488,  -0.3522,   0.0010, 0
A,  234, GLU,  1.9156,   0.6883,   0.3928, 1
A,  235, LEU,  0.0626,  -0.3446,   0.0013, 0
A,  236, PHE,  1.0397,   0.2001,   0.1516, 5
A,  237, PHE,  0.7983,   0.0655,   0.0908, 0
A,  238, HIS,  0.3456,  -0.1868,   0.0181, 0
A,  239, LEU,  0.2384,  -0.2466,   0.0093, 0
A,  240, SER,  0.4155,  -0.1478,   0.0253, 0
A,  241, ARG,  0.4175,  -0.1468,   0.0255, 0
A,  242, GLU,  0.2726,  -0.2275,   0.0118, 0
A,  243, ARG,  0.1944,  -0.2711,   0.0065, 0
A,  244, VAL,  0.1052,  -0.3208,   0.0025, 0
A,  245, PHE,  0.0586,  -0.3468,   0.0012, 0
A,  246, SER,  0.0433,  -0.3554,   0.0009, 0
A,  247, GLU,  0.0843,  -0.3325,   0.0019, 0
A,  248, ASP,  0.1550,  -0.2931,   0.0045, 0
A,  249, ARG,  0.1538,  -0.2937,   0.0045, 0
A,  250, ALA,  0.0000,  -0.3795,   0.0002, 0
A,  251, ARG,  0.1616,  -0.2894,   0.0049, 0
A,  252, PHE,  0.3654,  -0.1758,   0.0199, 0
A,  253, TYR,  0.0437,  -0.3551,   0.0009, 0
A,  254, GLY,  0.0000,  -0.3795,   0.0002, 0
A,  255, ALA,  0.0928,  -0.3277,   0.0021, 0
A,  256, GLU,  0.0712,  -0.3398,   0.0015, 0
A,  257, ILE,  0.0000,  -0.3795,   0.0002, 0
A,  258, VAL,  0.0313,  -0.3620,   0.0007, 0
A,  259, SER,  0.1237,  -0.3105,   0.0032, 4
A,  260, ALA,  0.0375,  -0.3585,   0.0008, 0
A,  261, LEU,  0.0000,  -0.3795,   0.0002, 0
A,  262, ASP,  0.2386,  -0.2465,   0.0093, 4
A,  263, TYR,  0.1714,  -0.2839,   0.0053, 4
A,  264, LEU,  0.0002,  -0.3793,   0.0002, 0
A,  265, HIS,  0.0676,  -0.3418,   0.0014, 0
A,  266, SER,  0.1251,  -0.3097,   0.0033, 0
A,  267, GLU,  0.2463,  -0.2422,   0.0099, 4
A,  268, LYS,  0.0365,  -0.3591,   0.0008, 0
A,  269, ASN,  0.0441,  -0.3549,   0.0009, 0
A,  270, VAL,  0.0035,  -0.3775,   0.0003, 0
A,  271, VAL,  0.0249,  -0.3656,   0.0006, 0
A,  272, TYR,  0.0428,  -0.3556,   0.0009, 0
A,  273, ARG,  0.7861,   0.0587,   0.0881, 0
A,  274, ASP,  0.5597,  -0.0675,   0.0448, 2
A,  275, LEU,  0.0334,  -0.3608,   0.0007, 0
A,  276, LYS,  0.6321,  -0.0271,   0.0568, 0
A,  277, LEU,  0.3832,  -0.1658,   0.0218, 0
A,  278, GLU,  0.7326,   0.0289,   0.0765, 1
A,  279, ASN,  0.4510,  -0.1281,   0.0295, 1
A,  280, LEU,  0.0108,  -0.3734,   0.0004, 0
A,  281, MET,  3.4354,   1.5354,   0.6741, 1
A,  282, LEU,  0.0000,  -0.3795,   0.0002, 0
A,  283, ASP,  0.6384,  -0.0236,   0.0579, 0
A,  284, LYS,  0.3935,  -0.1601,   0.0229, 0
A,  285, ASP,  0.3199,  -0.2012,   0.0157, 0
A,  286, GLY,  0.0005,  -0.3792,   0.0002, 0
A,  287, HIS,  0.1368,  -0.3032,   0.0037, 0
A,  288, ILE,  0.0000,  -0.3795,   0.0002, 0
A,  289, LYS,  0.6510,  -0.0166,   0.0602, 0
A,  290, ILE,  0.0658,  -0.3428,   0.0014, 0
A,  291, THR,  2.3733,   0.9434,   0.4963, 1
A,  292, ASP,  2.1069,   0.7949,   0.4380, 1
A,  293, PHE,  0.4420,  -0.1331,   0.0285, 1
A,  294, GLY,  1.4126,   0.4079,   0.2575, 2
A,  295, LEU,  1.3682,   0.3832,   0.2445, 2
A,  296, CYS,  0.5487,  -0.0736,   0.0431, 0
A,  297, LYS,  0.6461,  -0.0193,   0.0593, 0
A,  298, GLU,  0.0388,  -0.3578,   0.0008, 0
A,  299, GLY,  0.0107,  -0.3735,   0.0004, 0
A,  300, ILE,  0.0516,  -0.3507,   0.0011, 0
A,  301, LYS,  0.0564,  -0.3480,   0.0012, 0
A,  302, ASP,  0.1579,  -0.2914,   0.0047, 3
A,  303, GLY,  0.2185,  -0.2577,   0.0080, 3
A,  304, ALA,  0.1807,  -0.2787,   0.0058, 3
A,  305, THR,  0.3073,  -0.2082,   0.0146, 3
A,  306, MET,  0.3012,  -0.2116,   0.0141, 0
A,  307, LYS,  0.6693,  -0.0064,   0.0636, 0
A,  308, THR,  0.9058,   0.1255,   0.1166, 0
A,  309, PHE,  0.8325,   0.0846,   0.0988, 0
A,  310, CYS,  0.7754,   0.0528,   0.0857, 0
A,  311, GLY,  0.5378,  -0.0797,   0.0415, 0
A,  312, THR,  0.4842,  -0.1095,   0.0338, 0
A,  313, PRO,  0.3175,  -0.2025,   0.0155, 0
A,  314, GLU,  0.0899,  -0.3293,   0.0020, 5
A,  315, TYR,  0.2828,  -0.2218,   0.0126, 5
A,  316, LEU,  0.4326,  -0.1383,   0.0274, 0
A,  317, ALA,  0.1491,  -0.2964,   0.0043, 0
A,  318, PRO,  0.0496,  -0.3518,   0.0010, 0
A,  319, GLU,  0.4211,  -0.1447,   0.0260, 0
A,  320, VAL,  0.2271,  -0.2529,   0.0085, 0
A,  321, LEU,  0.2304,  -0.2510,   0.0088, 0
A,  322, GLU,  0.7699,   0.0497,   0.0845, 0
A,  323, ASP,  0.9265,   0.1370,   0.1219, 0
A,  324, ASN,  0.5987,  -0.0457,   0.0511, 0
A,  325, ASP,  0.3609,  -0.1783,   0.0195, 3
A,  326, TYR,  0.5284,  -0.0849,   0.0401, 3
A,  327, GLY,  0.2692,  -0.2294,   0.0115, 3
A,  328, ARG,  0.3356,  -0.1924,   0.0171, 3
A,  329, ALA,  0.2671,  -0.2306,   0.0113, 3
A,  330, VAL,  0.2618,  -0.2335,   0.0109, 0
A,  331, ASP,  0.0801,  -0.3348,   0.0017, 0
A,  332, TRP,  0.0102,  -0.3738,   0.0004, 0
A,  333, TRP,  0.0432,  -0.3554,   0.0009, 0
A,  334, GLY,  0.0370,  -0.3588,   0.0008, 0
A,  335, LEU,  0.0119,  -0.3728,   0.0004, 0
A,  336, GLY,  0.0000,  -0.3795,   0.0002, 0
A,  337, VAL,  0.0000,  -0.3795,   0.0002, 0
A,  338, VAL,  0.0000,  -0.3795,   0.0002, 0
A,  339, MET,  0.0000,  -0.3795,   0.0002, 0
A,  340, TYR,  0.0423,  -0.3559,   0.0009, 0
A,  341, GLU,  0.4982,  -0.1018,   0.0357, 5
A,  342, MET,  0.0105,  -0.3736,   0.0004, 0
A,  343, MET,  0.0796,  -0.3351,   0.0017, 0
A,  344, CYS,  0.0895,  -0.3296,   0.0020, 0
A,  345, GLY,  0.2555,  -0.2370,   0.0105, 0
A,  346, ARG,  0.2735,  -0.2270,   0.0118, 0
A,  347, LEU,  0.4333,  -0.1379,   0.0274, 5
A,  348, PRO,  0.0428,  -0.3556,   0.0009, 0
A,  349, PHE,  0.0496,  -0.3518,   0.0010, 0
A,  350, TYR,  0.1965,  -0.2699,   0.0067, 0
A,  351, ASN,  0.0408,  -0.3567,   0.0008, 0
A,  352, GLN,  0.0379,  -0.3583,   0.0008, 0
A,  353, ASP,  0.0103,  -0.3737,   0.0004, 0
A,  354, HIS,  0.3163,  -0.2032,   0.0154, 0
A,  355, GLU,  0.0432,  -0.3554,   0.0009, 0
A,  356, LYS,  0.0230,  -0.3667,   0.0005, 0
A,  357, LEU,  0.0072,  -0.3754,   0.0003, 0
A,  358, PHE,  0.3712,  -0.1725,   0.0205, 0
A,  359, GLU,  0.0562,  -0.3481,   0.0012, 0
A,  360, LEU,  0.0360,  -0.3594,   0.0007, 0
A,  361, ILE,  0.0117,  -0.3729,   0.0004, 0
A,  362, LEU,  0.1047,  -0.3211,   0.0025, 0
A,  363, MET,  0.1248,  -0.3099,   0.0032, 0
A,  364, GLU,  0.0436,  -0.3552,   0.0009, 0
A,  365, GLU,  0.0659,  -0.3427,   0.0014, 0
A,  366, ILE,  0.1135,  -0.3162,   0.0028, 0
A,  367, ARG,  0.1045,  -0.3212,   0.0025, 0
A,  368, PHE,  0.1875,  -0.2750,   0.0062, 0
A,  369, PRO,  0.1436,  -0.2994,   0.0040, 0
A,  370, ARG,  0.1169,  -0.3143,   0.0029, 0
A,  371, THR,  0.1560,  -0.2925,   0.0046, 0
A,  372, LEU,  0.0902,  -0.3292,   0.0020, 0
A,  373, GLY,  0.0569,  -0.3478,   0.0012, 0
A,  374, PRO,  0.0508,  -0.3512,   0.0010, 0
A,  375, GLU,  0.0517,  -0.3506,   0.0011, 0
A,  376, ALA,  0.0331,  -0.3610,   0.0007, 0
A,  377, LYS,  0.0974,  -0.3252,   0.0022, 0
A,  378, SER,  0.2309,  -0.2507,   0.0088, 0
A,  379, LEU,  0.1592,  -0.2907,   0.0047, 0
A,  380, LEU,  0.0853,  -0.3319,   0.0019, 0
A,  381, SER,  0.2570,  -0.2362,   0.0106, 0
A,  382, GLY,  0.2203,  -0.2566,   0.0081, 0
A,  383, LEU,  0.1228,  -0.3110,   0.0032, 0
A,  384, LEU,  0.0872,  -0.3309,   0.0019, 0
A,  385, LYS,  0.1472,  -0.2974,   0.0042, 0
A,  386, LYS,  0.3512,  -0.1837,   0.0186, 0
A,  387, ASP,  0.4472,  -0.1302,   0.0291, 0
A,  388, PRO,  0.7143,   0.0187,   0.0726, 3
A,  389, LYS,  0.3557,  -0.1812,   0.0190, 3
A,  390, GLN,  0.0623,  -0.3447,   0.0013, 0
A,  391, ARG,  0.0574,  -0.3475,   0.0012, 0
A,  392, LEU,  0.1824,  -0.2778,   0.0059, 0
A,  393, GLY,  0.0674,  -0.3419,   0.0014, 3
A,  394, GLY,  0.3470,  -0.1861,   0.0182, 3
A,  395, GLY,  0.1501,  -0.2958,   0.0043, 3
A,  396, SER,  0.0894,  -0.3297,   0.0020, 3
A,  397, GLU,  0.0424,  -0.3558,   0.0009, 0
A,  398, ASP,  0.0544,  -0.3491,   0.0011, 0
A,  399, ALA,  0.0260,  -0.3650,   0.0006, 0
A,  400, LYS,  0.1010,  -0.3232,   0.0024, 0
A,  401, GLU,  0.1338,  -0.3049,   0.0036, 0
A,  402, ILE,  0.0029,  -0.3779,   0.0003, 0
A,  403, MET,  0.2898,  -0.2179,   0.0131, 4
A,  404, GLN,  0.1236,  -0.3106,   0.0032, 0
A,  405, HIS,  0.2773,  -0.2249,   0.0121, 0
A,  406, ARG,  0.0701,  -0.3404,   0.0015, 0
A,  407, PHE,  0.0351,  -0.3599,   0.0007, 0
A,  408, PHE,  0.0986,  -0.3245,   0.0023, 0
A,  409, ALA,  0.1391,  -0.3020,   0.0038, 0
A,  410, GLY,  0.2007,  -0.2676,   0.0069, 0
A,  411, ILE,  0.4999,  -0.1008,   0.0359, 0
A,  412, VAL,  0.1650,  -0.2875,   0.0050, 0
A,  413, TRP,  0.2717,  -0.2280,   0.0117, 4
A,  414, GLN,  0.1539,  -0.2937,   0.0045, 4
A,  415, HIS,  0.1128,  -0.3166,   0.0028, 0
A,  416, VAL,  0.0771,  -0.3365,   0.0017, 0
A,  417, TYR,  0.3375,  -0.1913,   0.0173, 4
A,  418, GLU,  0.0293,  -0.3631,   0.0006, 0
A,  419, LYS,  0.6712,  -0.0054,   0.0640, 0
A,  420, LYS,  0.0937,  -0.3272,   0.0021, 0
A,  421, LEU,  0.4529,  -0.1270,   0.0298, 0
A,  422, SER,  0.2591,  -0.2350,   0.0107, 0
A,  423, PRO,  0.0364,  -0.3592,   0.0008, 0
A,  424, PRO,  0.1265,  -0.3089,   0.0033, 0
A,  425, PHE,  0.2934,  -0.2159,   0.0134, 0
A,  426, LYS,  0.0675,  -0.3418,   0.0014, 0
A,  427, PRO,  0.0294,  -0.3631,   0.0006, 0
A,  428, GLN,  0.1155,  -0.3151,   0.0029, 0
A,  429, VAL,  0.0160,  -0.3705,   0.0004, 0
A,  430, THR,  0.0218,  -0.3673,   0.0005, 0
A,  431, SER,  0.0274,  -0.3642,   0.0006, 0
A,  432, GLU,  0.2267,  -0.2531,   0.0085, 0
A,  433, THR,  0.0761,  -0.3370,   0.0016, 0
A,  434, ASP,  0.0282,  -0.3637,   0.0006, 0
A,  435, THR,  0.0392,  -0.3576,   0.0008, 0
A,  436, ARG,  0.1237,  -0.3105,   0.0032, 0
A,  437, TYR,  0.7931,   0.0626,   0.0896, 1
A,  438, PHE,  3.3033,   1.4618,   0.6563, 1
A,  439, ASP,  0.7231,   0.0236,   0.0745, 1
A,  440, GLU,  0.0639,  -0.3439,   0.0013, 0
A,  441, GLU,  0.0284,  -0.3637,   0.0006, 0
A,  442, PHE,  0.5595,  -0.0676,   0.0447, 1
A,  443, THR,  0.0289,  -0.3634,   0.0006, 0
A,  444, ALA,  0.0236,  -0.3663,   0.0005, 0
A,  445, GLN,  0.1384,  -0.3023,   0.0038, 0
A,  446, MET,  0.0948,  -0.3266,   0.0022, 0
A,  447, ILE,  0.2136,  -0.2604,   0.0077, 0
A,  448, THR,  0.4867,  -0.1082,   0.0341, 0
A,  449, ILE,  0.7981,   0.0654,   0.0907, 0
A,  450, THR,  0.6489,  -0.0178,   0.0598, 0
A,  451, PRO,  0.0307,  -0.3623,   0.0007, 0
A,  452, PRO,  0.0957,  -0.3261,   0.0022, 0
A,  453, ASP,  0.0225,  -0.3669,   0.0005, 0
A,  454, GLN,  0.0031,  -0.3777,   0.0003, 0
A,  455, ASP,  0.0082,  -0.3749,   0.0003, 0
A,  456, ASP,  0.0464,  -0.3536,   0.0009, 0
A,  457, SER,  0.0127,  -0.3724,   0.0004, 0
A,  458, MET,  0.0641,  -0.3437,   0.0013, 0
A,  459, GLU,  0.0858,  -0.3316,   0.0019, 0
A,  460, CYS,  0.1230,  -0.3109,   0.0032, 0
A,  461, VAL,  0.0604,  -0.3458,   0.0012, 0
A,  462, ASP,  0.0488,  -0.3523,   0.0010, 0
A,  463, SER,  0.0297,  -0.3629,   0.0006, 0
A,  464, GLU,  0.0090,  -0.3745,   0.0003, 0
A,  465, ARG,  0.0601,  -0.3459,   0.0012, 0
A,  466, ARG,  0.0551,  -0.3488,   0.0011, 0
A,  467, PRO,  0.1598,  -0.2904,   0.0048, 0
A,  468, HIS,  0.2896,  -0.2180,   0.0131, 0
A,  469, PHE,  0.2584,  -0.2354,   0.0107, 0
A,  470, PRO,  0.1335,  -0.3051,   0.0036, 0
A,  471, GLN,  0.1480,  -0.2970,   0.0042, 0
A,  472, PHE,  0.1280,  -0.3081,   0.0034, 0
A,  473, SER,  0.1760,  -0.2814,   0.0055, 0
A,  474, TYR,  0.2392,  -0.2461,   0.0094, 0
A,  475, SER,  0.1997,  -0.2681,   0.0068, 0
A,  476, ALA,  0.4232,  -0.1436,   0.0262, 0
A,  477, SER,  0.1113,  -0.3174,   0.0027, 0
A,  478, GLY,  0.1908,  -0.2731,   0.0063, 0
A,  479, THR,  0.4441,  -0.1319,   0.0287, 0
A,  480, ALA,  0.0873,  -0.3308,   0.0019, 0
